spore,Cq
1,39.909349
1,38.86064093
2,37.82503851
2,38.29122628
2,39.20081983
2,38.94962156
3,35.5365543
3,35.60870005
3,36.47122105
3,35.8952463
3,35.38464913
4,30.9621267
4,30.23508991
4,28.90780004
4,30.6739973
4,28.25391378
4,28.50597918
5,24.12978692
5,23.36442085
5,23.8005174
5,23.46928567
5,23.3230974
5,22.43130035
6,18.41998216
6,17.95805142
6,18.5518218
6,18.25101457
6,19.80988792
6,18.40965076
